Title,Publisher,TV Format,MD5,Bankswitch Type,7800 Detected,7800 works,7800 plays through,notes
"2 Pak Special - Challenge, Surfing",HES ,PAL,fd7464edaa8cc264b97ba0d13e7f0678,F6,,,,
"2 Pak Special - Hoppy, Alien Force",HES ,PAL,5b9c2e0012fbfd29efd3306359bbfc4a,F6,,,,
"2 Pak Special - Star Warrior, Frogger",HES ,PAL,4d2cef8f19cafeec72d142e34a1bbc03,F6,,,,
32 in 1 Game Cartridge,Atari  ,PAL,291bcdb05f2b37cdf9452d2bf08e0321,F0,,,,
3-D Tic-Tac-Toe,Atari,NTSC,0db4f4150fecf77e4ce72ca4d04c052f,2K,,,,
3-D Tic-Tac-Toe,Atari,NTSC,f3213a8a702b0646d2eaf9ee0722b51c,2K,,,,
3-D Tic-Tac-Toe,Atari ,PAL,7b5207e68ee85b16998bea861987c690,2K,,,,
"Misterious Thief, A",CCE,NTSC,e13818a5c0cb2f84dd84368070e9f099,4K,,,,
"A-Team, The",Atari ,NTSC,c00734a2233ef683d9b6e622ac97a5c8,F8,,,,
Acid Drop,Salu ,PAL,17ee23e5da931be82f733917adcb6386,F6,,,,
Action Force,Parker Bros ,PAL,d573089534ca596e64efef474be7b6bc,4K,,,,
Adventure,Atari,NTSC,157bddb7192754a45372be196797f284,4K,,,,
Adventures of TRON,M Network,NTSC,ca4f8c5b4d6fb9d608bb96bc7ebd26c7,4K,,,,
Adventures on GX-12,Telegames ,PAL,06cfd57f0559f38b9293adae9128ff88,4K,,,,
Air Raid,Men-A-Vision ,PAL,35be55426c1fec32dfb503b4f0651572,4K,,,,
Air Raiders,M Network,NTSC,a9cb638cd2cb2e8e0643d7a67db4281c,4K,,,,
Air-Sea Battle,Atari,NTSC,16cb43492987d2f32b423817cdaaf7c4,2K,,,,
Air-Sea Battle,Atari,NTSC,1d1d2603ec139867c1d1f5ddf83093f1,2K,,,,
Air-Sea Battle,Atari ,PAL,8aad33da907bed78b76b87fceaa838c1,2K,,,,
Airlock,Data Age,NTSC,4d77f291dca1518d7d8e47838695f54b,4K,,,,
Go Go Home Monster,Home Vision ,PAL,103f1756d9dc0dd2b16b53ad0f0f1859,4K,,,,
Alien,,NTSC,f1a0a23e6464d954e3a9579c4ccd01c8,4K,,,,
Alligator People,,NTSC,e1a51690792838c5c687da80cd764d78,4K,,,,
Alpha Beam with Ernie,Atari,NTSC,9e01f7f95cb8596765e03b9a36e8e33c,F8,,,,
Amidar,Parker Bros,NTSC,acb7750b4d0c4bd34969802a7deb2990,4K,,,,
Angeln I,Ariola ,PAL,6672de8f82c4f7b8f7f1ef8b6b4f614d,2K,,,,
Apples and Dolls,CCE,NTSC,e73838c43040bcbc83e4204a3e72eef4,4K,,,,
Aquaventure,Atari ,NTSC,038e1e79c3d4410defde4bfe0b99cc32,F8,,,,
Armor Ambush,M Network,NTSC,a7b584937911d60c120677fe0d47f36f,4K,,,,
Artillery Duel,Xonox,NTSC,c77c35a6fc3c0f12bf9e8bae48cba54b,F8,,,,
Assault,Bomb,NTSC,de78b3a064d374390ac0710f95edde92,4K,,,,
Asterix,Atari ,PAL,c5c7cc66febf2d4e743b4459de7ed868,F8,,,,
Asteroids,Atari,NTSC,ccbd36746ed4525821a8083b0d6d2c2c,F8,,,,
Asteroids,Atari,NTSC,b227175699e372b8fe10ce243ad6dda5,F8,,,,
Astroblast,M Network,NTSC,75169c08b56e4e6c36681e599c4d8cc5,4K,,,,
Astrowar,Unknown,NTSC,8f53a3b925f0fd961d9b8c4d46ee6755,4K,,,,
Astroblast,M Network,NTSC,75169c08b56e4e6c36681e599c4d8cc5,4K,,,,
Astrowar,Unknown,NTSC,8f53a3b925f0fd961d9b8c4d46ee6755,4K,,,,
Atari 2600 Invaders,Hack,NTSC,a4aa7630e4c0ad7ebb9837d2d81de801,4K,,,,
Atari Video Cube,Atari,NTSC,3f540a30fdee0b20aed7288e4a5ea528,4K,,,,
Atlantis,Activision,NTSC,cb8afcbc4a779b588b0428ea7af211d5,4K,,,,
Atlantis II,Imagic,NTSC,826481f6fc53ea47c9f272f7050eedf7,4K,,,,
Autorennen,Ariola ,PAL,b4f87ce75f7329c18301a2505fe59cd3,4K,,,,
Bachelorette Party,Playaround,NTSC,274d17ccd825ef9c728d68394b4569d2,4K,,,,
Bachelor Party,PlayAround,NTSC,5b124850de9eea66781a50b2e9837000,4K,,,,
backfire,,NTSC,ea08d519122e6af06117fdded62c525d,4K,,,,
Backgammon,Atari,NTSC,8556b42aa05f94bc29ff39c39b11bff4,4K,,,,
Bank Heist,,NTSC,00ce0bdd43aed84a983bef38fe7f5ee3,4K,,,,
Barnstorming,Activision,NTSC,f8240e62d8c0a64a61e19388414e3104,4K,,,,
Z-Tack,Bomb ,PAL,d6dc9b4508da407e2437bfa4de53d1b2,4K,,,,
Basic Programming,Atari,NTSC,9f48eeb47836cf145a15771775f0767a,4K,,,,
Basketball,Atari ,PAL,1228c01cd3c4b9c477540c5adb306d2a,2K,,,,
Basketball,Atari,NTSC,e13c7627b2e136b9c449d9e8925b4547,2K,,,,
Battlezone,Atari,NTSC,41f252a66c6301f1e8ab3612c19bc5d4,F8,,,,
Beamrider,Activision,NTSC,79ab4123a83dc11d468fb2108ea09e2e,F8,,,,
Beany Bopper,,NTSC,d0b9df57bfea66378c0418ec68cfe37f,4K,,,,
Beat 'Em & Eat 'Em,PlayAround,NTSC,59e96de9628e8373d1c685f5e57dcf10,4K,,,,
Berenstain Bears,Coleco,NTSC,ee6665683ebdb539e89ba620981cb0f6,F8,,,,
Bermuda Triangle,Data Age,NTSC,b8ed78afdb1e6cfe44ef6e3428789d5f,4K,,,,
Bermuda,Unknown ,NTSC,073d7aff37b7601431e4f742c36c0dc1,4K,,,,
Berzerk,Atari,NTSC,136f75c4dd02c29283752b7e5799f978,4K,,,,
Berzerk,Voice Enhanced Hack,NTSC,be41463cd918daef107d249f8cde3409,F6,,,,
Ungeheuer der Tiefe,Quelle ,PAL,1278f74ca1dfaa9122df3eca3c5bcaad,4K,,,,
Big Bird's Egg Catch,Atari,NTSC,1802cc46b879b229272501998c5de04f,F8,,,,
Bionic Breakthrough,Atari ,NTSC,f0541d2f7cda5ec7bab6d62b6128b823,F8,,,,
Blackjack,Atari,NTSC,0a981c03204ac2b278ba392674682560,2K,,,,
Blackjack,Atari,NTSC,b2761efb8a11fc59b00a3b9d78022ad6,2K,,,,
Blackjack,Atari ,PAL,ff7627207e8aa03730c35c735a82c26c,2K,,,,
Bloody Human Freeway,Activision ,NTSC,1086ff69f82b68d6776634f336fb4857,2K,,,,
Blueprint,CBS Electronics,NTSC,33d68c3cd74e5bc4cf0df3716c5848bc,F8,,,,
BMX Air Master,Atari,NTSC,968efc79d500dce52a906870a97358ab,F6,,,,
Bobby Is Going Home,CCE ,PAL,3cbdf71bb9fd261fbc433717f547d738,4K,,,,
Bogey Blaster,Telegames,NTSC,c59633dbebd926c150fb6d30b0576405,4K,,,,
Boggle,Atari ,NTSC,a5855d73d304d83ef07dde03e379619f,2K,,,,
Boing!,PD,NTSC,0e08cd2c5bcf11c6a7e5a009a7715b6a,4K,,,,
Boing!,First Star Software,NTSC,14c2548712099c220964d7f044c59fd9,4K,,,,
Boom Bang,Unknown,NTSC,a2aae759e4e76f85c8afec3b86529317,4K,,,,
Bowling,Atari,NTSC,c9b7afad3bfd922e006a6bfc1d4f3fe7,2K,,,,
Bowling,,PAL,4a1a0509bfc1015273a542dfe2040958,2K,,,,
Bowling,Atari ,PAL,f69bb58b815a6bdca548fa4d5e0d5a75,2K,,,,
Bowling,Atari,NTSC,a28d872fc50fa6b64eb35981d0f4bb8d,2K,,,,
Boxing,Activision,NTSC,c3ef5c4653212088eda54dc91d787870,2K,,,,
Boxing,Activision,NTSC,277cca62014fceebb46c549bac25a2e3,2K,,,,
Boxing,Atari ,PAL,2c45c3eb819a797237820a1816c532eb,2K,,,,
Brain Games,Atari,NTSC,1cca2197d95c5a41f2add49a13738055,2K,,,,
Brain Games,Atari,NTSC,cb9626517b440f099c0b6b27ca65142c,2K,,,,
Wall-Defender,Bomb ,PAL,372bddf113d088bc572f94e98d8249f5,4K,,,,
Breakout,Atari,NTSC,f34f08e5eb96e500e851a80be3277a56,2K,,,,
Breakout,Atari,NTSC,9a25b3cfe2bbb847b66a97282200cca2,2K,,,,
Frisco,Unknown,NTSC,e80a4026d29777c3c7993fbfaee8920f,4K,,,,
Bridge,Activision,NTSC,cfd6a8b23d12b0462baf6a05ef347cd8,4K,,,,
Buck Rogers - Planet of Zoom,Sega,NTSC,1cf59fc7b11cdbcefe931e41641772f6,F8,,,,
Bugs Bunny,Atari ,NTSC,fa4404fabc094e3a31fcd7b559cdd029,F8,,,,
Bugs,Data Age,NTSC,68597264c8e57ada93be3a5be4565096,4K,,,,
Bump 'n' Jump,M Network,NTSC,76f53abbbf39a0063f24036d6ee0968a,E7,E7,,,
BurgerTime,M Network,NTSC,0443cfa9872cdb49069186413275fa21,E7,E7,,,
Burning Desire,PlayAround,NTSC,19d6956ff17a959c48fcd8f4706a848d,4K,,,,
Cakewalk,CommaVid,NTSC,7f6533386644c7d6358f871666c86e79,4K,,,,
California Games,Epyx,NTSC,9ab72d3fd2cc1a0c9adb504502579037,F6,,,,
Canyon Bomber,Atari,NTSC,3051b6071cb26377cd428af155e1bfc4,2K,,,,
Carnival,Coleco,NTSC,028024fb8e5e5f18ea586652f9799c96,4K,,,,
Casino,Atari,NTSC,b816296311019ab69a21cb9e9e235d12,4K,,,,
Cat Trax,UA Limited,NTSC,76f66ce3b83d7a104a899b4b3354a2f2,4K,,,,
Cathouse Blues,PlayAround,NTSC,9e192601829f5f5c2d3b51f8ae25dbe5,4K,,,,
Cat Trax,UA Limited,NTSC,76f66ce3b83d7a104a899b4b3354a2f2,4K,,,,
Centipede,Atari,NTSC,91c2098e88a6b13f977af8c003e0bca5,F8,,,,
Challenge,HES ,PAL,9905f9f4706223dadee84f6867ede8e3,F8,,,,
"Challenge of.... Nexar, The",Spectravision,NTSC,5d799bfa9e1e7b6224877162accada0d,4K,,,,
Chase the Chuckwagon,Spectravideo,NTSC,3e33ac10dcf2dff014bc1decf8a9aea4,4K,,,,
Checkers,Atari ,PAL,bce93984b920e9b56cf24064f740fe78,2K,,,,
Checkers,Activision,NTSC,3f5a43602f960ede330cd2f43a25139e,2K,,,,
China Syndrome,Spectravision,NTSC,749fec9918160921576f850b2375b516,4K,,,,
Chopper Command,CCE,NTSC,85a4133f6dcf4180e36e70ad0fca0921,4K,,,,
Kung Fu Superkicks,Telegames,NTSC,3f58f972276d1e4e0e09582521ed7a5b,F8,,,,
Kung Fu Superkicks,Telegames,NTSC,3f58f972276d1e4e0e09582521ed7a5b,F8,,,,
Chase the Chuckwagon,Spectravideo,NTSC,3e33ac10dcf2dff014bc1decf8a9aea4,4K,,,,
Circus Atari,Atari,NTSC,a7b96a8150600b3e800a4689c3ec60a2,4K,,,,
Circus Atari,Atari Joystick,NTSC,a29df35557f31dfea2e2ae4609c6ebb7,4K,,,,
climber5_NTSC,,NTSC,13a11a95c9a9fb0465e419e4e2dbd50a,4K,,,,
Walker,Suntek ,PAL,7ff53f6922708119e7bf478d7d618c86,4K,,,,
Coco Nuts,Telesys,NTSC,1e587ca91518a47753a28217cd4fd586,4K,,,,
Codebreaker,Atari,NTSC,5846b1d34c296bf7afc2fa05bbc16e98,2K,,,,
Codebreaker,Atari,NTSC,83f50fa0fbae545e4b88bb53b788c341,2K,,,,
Pepsi Invaders,Atari,NTSC,212d0b200ed8b45d8795ad899734d7d7,4K,,,,
Go Go Home,Unknown,NTSC,4093382187f8387e6d011883e8ea519b,4K,,,,
Color Bar Generator,VideoSoft,NTSC,76a9bf05a6de8418a3ebc7fc254b71b4,4K,,,,
Colors Demo,PD,NTSC,3f9431cc8c5e2f220b2ac14bbc8231f4,4K,,,,
Combat,Atari ,PAL,0ef64cdbecccb7049752a3de0b7ade14,2K,,,,
Combat,Atari,NTSC,be35d8b37bbc03848a5f020662a99909,2K,,,,
Combat Two,Atari ,NTSC,b0c9cf89a6d4e612524f4fd48b5bb562,F8,,,,
Commando Raid,U.S. Games,NTSC,f457674cef449cfd85f21db2b4f631a7,4K,,,,
Commando,Activision,NTSC,5d2cc33ca798783dee435eb29debf6d6,F6,,,,
Hunt & Score - Memory Match,Atari,NTSC,102672bbd7e25cd79f4384dd7214c32b,2K,,,,
Vulture Attack,K-Tel Vision,NTSC,1f21666b8f78b65051b7a609f1d48608,4K,,,,
Vulture Attack,K-Tel Vision,NTSC,1f21666b8f78b65051b7a609f1d48608,4K,,,,
Confrontation,Answer ,NTSC,f965cc981cbb0822f955641f8d84e774,4K,,,,
Congo Bongo,Sega,NTSC,00b7b4cbec81570642283e7fc1ef17af,F8,,,,
Congo Bongo,Sega,NTSC,00b7b4cbec81570642283e7fc1ef17af,F8,,,,
Conquest of Mars,,NTSC,50dd164c77c4df579843baf838327469,F6,,,,
Cookie Monster Munch,Atari,NTSC,57c5b351d4de021785cf8ed8191a195c,F8,,,,
Corrida da Matematica,CCE,NTSC,01e5c81258860dd82f77339d58bc5f5c,4K,,,,
Cosmic Ark,CCE,NTSC,98ef1593624b409b9fb83a1c272a0aa7,4K,,,,
Cosmic Commuter,Activision,NTSC,133b56de011d562cbab665968bde352b,4K,,,,
Cosmic Corridor,ZiMAG,NTSC,f367e58667a30e7482175809e3cec4d4,4K,,,,
Cosmic Creeps,Telesys,NTSC,3c853d864a1d5534ed0d4b325347f131,4K,,,,
Ant Party,Atari ,PAL,afe4eefc7d885c277fc0649507fbcd84,2K,,,,
Cosmic Swarm,CommaVid,NTSC,9dec0be14d899e1aac4337acef5ab94a,2K,,,,
Cosmic Swarm,CommaVid,NTSC,e5f17b3e62a21d0df1ca9aee1aa8c7c5,2K,,,,
Crack'ed,Atari ,NTSC,fe67087f9c22655ce519616fc6c6ef4d,F6SC,SC,,,
Crackpots,Activision,NTSC,a184846d8904396830951217b47d13d9,4K,,,,
Crash Dive,,NTSC,fb88c400d602fe759ae74ef1716ee84e,4K,,,,
Crazy Climber,Atari,NTSC,55ef7b65066428367844342ed59f956c,F8,,,,
crazyballoon-ntsc,,NTSC,0f1e13666dccc0783b1c4fc714d05ec6,4K,,,,
Crazy Valet,Hozer Video Games,NTSC,4a7eee19c2dfb6aeb4d9d0a01d37e127,4K,,,,
"Mysterious Thief, A",ZiMAG ,NTSC,48f18d69799a5f5451a5f0d17876acef,4K,,,,
Cross Force,Spectravision,NTSC,c17bdc7d14a36e10837d039f43ee5fa3,4K,,,,
Crossbow,Atari,NTSC,8cd26dcf249456fe4aeb8db42d49df74,F6,,,,
Radar,Zellers,NTSC,74f623833429d35341b7a84bc09793c0,4K,,,,
Radar,Zellers,NTSC,74f623833429d35341b7a84bc09793c0,4K,,,,
Crypts of Chaos,,NTSC,384f5fbf57b5e92ed708935ebf8a8610,4K,,,,
Crystal Castles,Atari,NTSC,1c6eb740d3c485766cade566abab8208,F6SC,SC,,,
Cubicolor,Imagic ,NTSC,6fa0ac6943e33637d8e77df14962fbfc,4K,,,,
Cubo Magico,CCE,NTSC,64ca518905311d2d9aeb56273f6caa04,4K,,,,
Custer's Revenge,Mystique,NTSC,58513bae774360b96866a07ca0e8fd8e,4K,,,,
Dancing Plate,BitCorp ,PAL,929e8a84ed50601d9af8c49b0425c7ea,4K,,,,
Dark Chambers,Atari,NTSC,106855474c69d08c8ffa308d47337269,F6SC,SC,,,
Dark Cavern,M Network,NTSC,a422194290c64ef9d444da9d6a207807,4K,,,,
Dark Mage,Greg Troutman PD,NTSC,6333ef5b5cbb77acd47f558c8b7a95d3,F8,,,,
Deadly Duck,,NTSC,e4c00beb17fdc5881757855f2838c816,4K,,,,
Death Trap,Avalon Hill,NTSC,4e15ddfd48bca4f0bf999240c47b49f5,4K,,,,
Decathlon,Activision,NTSC,ac7c2260378975614192ca2bc3d20e0b,FE,FE,not working,,
Defender 2,,NTSC,d1fc4cf675c9b49fb7deb792f2f3a7a5,F6SC,,,,
Defender II,Atari,NTSC,3a771876e4b61d42e3a3892ad885d889,F8SC,SC,,,
Defender,Atari,NTSC,0f643c34e40e3f1daafd9c524d3ffe64,4K,,,,
Demolition Herby,Telesys,NTSC,d09935802d6760ae58253685ff649268,4K,,,,
Demon Attack,Activision,NTSC,bcb2967b6a9254bcccaf906468a22241,4K,,,,
Demons to Diamonds,Atari,NTSC,f91fb8da3223b79f1c9a07b77ebfa0b2,4K,,,,
Desert Falcon,Atari,NTSC,fd4f5536fd80f35c64d365df85873418,F6SC,SC,,,
Star Wars - Death Star Battle,Parker Bros,NTSC,5336f86f6b982cc925532f2e80aa1e17,E0,EO,,,
Dice Puzzle,Panda,NTSC,9222b25a0875022b412e8da37e7f6887,4K,,,,
Dig Dug,Atari,NTSC,6dda84fb8e442ecf34241ac0d1d91d69,F6,,,,
Dishaster,ZiMAG,NTSC,939ce554f5c0e74cc6e4e62810ec2111,4K,,,,
Dodge 'Em,Atari,NTSC,83bdc819980db99bf89a7f2ed6a2de59,4K,,,,
Dolphin,Activision,NTSC,ca09fa7406b7d2aea10d969b6fc90195,4K,,,,
Donald Duck's Speedboat,Atari ,NTSC,937736d899337036de818391a87271e0,F8,,,,
Donkey Kong Jr,CCE,NTSC,5a6febb9554483d8c71c86a84a0aa74e,F8,,,,
Donkey Kong,Atari,NTSC,36b20c427975760cb9cf4a47e41369e4,4K,,,,
Double Dragon,Activision ,PAL,47464694e9cce07fdbfd096605bf39d4,F6,,,,
Double Dunk,Atari,NTSC,368d88a6c071caba60b4f778615aae94,F6,,,,
Dragon Defender,Ariola ,PAL,6a882fb1413912d2ce5cf5fa62cf3875,4K,,,,
Dragon Treasure,Funvision,NTSC,41810dd94bd0de1110bedc5092bef5b0,4K,,,,
Dragster,Activision,NTSC,77057d9d14b99e465ea9e29783af0ae3,2K,,,,
Dragster,Activision,NTSC,63a6eda1da30446569ac76211d0f861c,2K,,,,
Dragon Defender,Ariola ,PAL,6a882fb1413912d2ce5cf5fa62cf3875,4K,,,,
Tom Boy,Rainbow Vision ,PAL,de61a0b171e909a5a4cfcf81d146dbcb,4K,,,,
Treasure Island,Suntek ,PAL,1bb91bae919ddbd655fa25c54ea6f532,4K,,,,
Dukes of Hazzard,Atari,NTSC,51de328e79d919d7234cf19c1cd77fbc,F6,,,,
Dukes of Hazzard,Atari ,NTSC,34ca2fcbc8ba4a0b544acd94991cfb50,2K,,,,
Dumbo's Flying Circus,Atari  ,NTSC,1f773a94d919b2a3c647172bbb97f6b4,F8,,,,
Dune,Atari ,NTSC,469473ff6fed8cc8d65f3c334f963aab,F8,,,,
E.T. - The Extra-Terrestrial,Atari,NTSC,615a3bf251a38eb6638cdc7ffbde5480,F8,,,,
"Earth Dies Screaming, The",,NTSC,033e21521e0bf4e54e8816873943406d,4K,,,,
Eggomania,U.S. Games,NTSC,42b2c3b4545f1499a083cfbc4a3b7640,4K,,,,
Elevator Action,Atari ,NTSC,71f8bacfbdca019113f3f0801849057e,F8SC,,,,
Eli's Ladder,Simage,NTSC,b6812eaf87127f043e78f91f2028f9f4,4K,,,,
Elk Attack,Atari ,NTSC,7eafc9827e8d5b1336905939e097aae7,F8,,,,
Encounter at L-5,Data Age,NTSC,dbc8829ef6f12db8f463e30f60af209f,4K,,,,
Enduro,Activision,NTSC,94b92a882f6dbaa6993a46e2dcc58402,4K,,,,
"Entity, The",,NTSC,9f5096a6f1a5049df87798eb59707583,4K,,,,
Entombed,U.S. Games,NTSC,6b683be69f92958abe0e2a9945157ad5,4K,,,,
Espial,Tigervision ,PAL,f7a138eed69665b5cd1bfa796a550b01,3F,,,,
Euchre,,NTSC,6205855cc848d1f6c4551391b9bfa279,4K,,,,
Euchre,,PAL,199985cae1c0123ab1aef921daace8be,4K,,,,
Star Wars - Ewok Adventure,Thomas Jentzsch ,NTSC,c246e05b52f68ab2e9aee40f278cd158,E0,E0,,,
Star Wars - Ewok Adventure,Parker Bros  ,PAL,6dfad2dd2c7c16ac0fa257b6ce0be2f0,E0,E0,,,
Exocet,Panda,NTSC,6362396c8344eec3e86731a700b13abf,4K,,,,
Fighter Pilot,Activision ,PAL,2ac3a08cfbf1942ba169c3e9e6c47e09,F6,,,,
falldown_ntsc,,NTSC,76181e047c0507b2779b4bcbf032c9d5,F8,,,,
Fantastic Voyage,,NTSC,b80d50ecee73919a507498d0a4d922ae,4K,,,,
Farmyard Fun,Ariola,NTSC,f7e07080ed8396b68f2e5788a5c245e2,4K,,,,
Fast Eddie,,NTSC,9de0d45731f90a0a922ab09228510393,4K,,,,
Fast Food,Telesys,NTSC,665b8f8ead0eef220ed53886fbd61ec9,4K,,,,
Fatal Run,Ultimate Driving,PAL,074ec425ec20579e64a7ded592155d48,F4SC,,,,
Fathom,Imagic,NTSC,0b55399cf640a2a00ba72dd155a0c140,F8,,,,
Fighter Pilot,Activision ,PAL,2ac3a08cfbf1942ba169c3e9e6c47e09,F6,,,,
Final Approach,Apollo,NTSC,211fbbdbbca1102dc5b43dc8157c09b3,4K,,,,
Fire Birds,ITT Family Games ,PAL,01e60a109a6a67c70d3c0528381d0187,4K,,,,
Fire Fighter,Imagic,NTSC,d09f1830fb316515b90694c45728d702,4K,,,,
Fire Fly,Mythicon,NTSC,20dca534b997bf607d658e77fbb3c0ee,4K,,,,
Spinning Fireball,ZiMAG ,NTSC,d3171407c3a8bb401a3a62eb578f48fb,4K,,,,
Fishing Derby,Activision,NTSC,3c82e808fe0e6a006dc0c4e714d36209,F6,,,,
Fishing Derby,Atari ,PAL,7628d3cadeee0fd2e41e68b3b8fbe229,2K,,,,
Fishing,Atari ,PAL,2517827950fee41a3b9de60275c8aa6a,2K,,,,
Flag Capture,Atari ,PAL,f5445b52999e229e3789c39e7ee99947,2K,,,,
Flag Capture,Atari,NTSC,30512e0e83903fc05541d2f6a6a62654,2K,,,,
FlapPing,,NTSC,163ff70346c5f4ce4048453d3a2381db,4K,,,,
AKA Space Adventure,,NTSC,8786c1e56ef221d946c64f6b65b697e9,4K,,,,
AKA Space Adventure,,NTSC,8786c1e56ef221d946c64f6b65b697e9,4K,,,,
Football,Atari,NTSC,e549f1178e038fa88dc6d657dc441146,2K,,,,
Football,Atari,NTSC,d86deb100c6abed1588aa84b2f7b3a98,2K,,,,
NFL Football,Atari ,PAL,7608abdfd9b26f4a0ecec18b232bea54,2K,,,,
Fussball,Ariola ,PAL,cd568d6acb2f14477ebf7e59fb382292,4K,,,,
Forest,Sancho ,PAL,213e5e82ecb42af237cfed8612c128ac,4K,,,,
Lord of the Rings,Adam Thornton Hack,NTSC,e4b12deaafd1dbf5ac31afe4b8e9c233,4K,,,,
Frankenstein's Monster,Data Age,NTSC,15dd21c2608e0d7d9f54c0d3f08cca1f,4K,,,,
Freeway,Activision,NTSC,8e0ab801b1705a740b476b7f588c6d16,2K,,,,
Freeway,Activision,NTSC,851cc1f3c64eaedd10361ea26345acea,2K,,,,
Freeway Chicken,Atari ,PAL,914a8feaf6d0a1bbed9eb61d33817679,2K,,,,
Freeway Rabbit,Atari ,PAL,481d20ec22e7a63e818d5ef9679d548b,2K,,,,
Frogs and Flies,M Network,NTSC,dcc2956c7a39fdbf1e861fc5c595da0d,4K,,,,
Frogger II,Parker Bros,NTSC,27c6a2ca16ad7d814626ceea62fa8fb4,E0,E0,,,
Frogger,Parker Bros,NTSC,081e2c114c9c20b61acf25fc95c71bf4,4K,,,,
Frog Pond,Atari ,NTSC,5f73e7175474c1c22fb8030c3158e9b3,F8,,,,
Front Line,Coleco,NTSC,e556e07cc06c803f2955986f53ef63ed,F8,,,,
Frostbite,Activision,NTSC,4ca73eb959299471788f0b685c3ba0b5,4K,,,,
Fun with Numbers,Atari ,PAL,d816fea559b47f9a672604df06f9d2e3,2K,,,,
Fun with Numbers,Atari,NTSC,819aeeb9a2e11deb54e6de334f843894,2K,,,,
G.I. Joe - Cobra Strike,Parker Bros,NTSC,c1fdd44efda916414be3527a47752c75,4K,,,,
River Raid,Galaga Games,NTSC,01b09872dcd9556427761f0ed64aa42a,4K,,,,
Galaxian,Atari,NTSC,211774f4c5739042618be8ff67351177,F8,,,,
Hunt & Score - Memory Match,Atari,NTSC,102672bbd7e25cd79f4384dd7214c32b,2K,,,,
Gangster Alley,Spectravision,NTSC,20edcc3aa6c189259fa7e2f044a99c49,4K,,,,
Garfield,Atari ,NTSC,dc13df8420ec69841a7c51e41b9fbba5,F6,,,,
Gas Hog,Spectravideo,NTSC,728152f5ae6fdd0d3a9b88709bee6c7a,4K,,,,
Gauntlet,Answer Software,NTSC,e64a8008812327853877a37befeb6465,4K,,,,
Ghost Manor,Xonox,NTSC,0eecb5f58f55de9db4eedb3a0f6b74a8,4K,,,,
Ghost Manor,Xonox,NTSC,2bee7f226d506c217163bad4ab1768c0,F8,,,,
Ghostbusters II,Salu ,PAL,c2b5c50ccb59816867036d7cf730bf75,F6,,,,
Ghostbusters,Activision,NTSC,e314b42761cd13c03def744b4afc7b1b,F8,,,,
Ghost Manor,Xonox,NTSC,2bee7f226d506c217163bad4ab1768c0,F8,,,,
Gigolo,PlayAround,NTSC,1c8c42d1aee5010b30e7f1992d69216e,4K,,,,
Glacier Patrol,Telegames,NTSC,5e0c37f534ab5ccc4661768e2ddf0162,4K,,,,
Glib,Selchow & Righter,NTSC,2d9e5d8d083b6367eda880e80dfdfaeb,4K,,,,
GoFish_NTSC,,NTSC,787a2faebadc670a887a0e2483b8f034,F8,,,,
Golf,Atari,NTSC,2e663eaa0d6b723b645e643750b942fd,2K,,,,
Golf,Atari,NTSC,f542b5d0193a3959b54f3c4c803ba242,2K,,,,
Golf,Atari ,PAL,95351b46fa9c45471d852d28b9b4e00b,2K,,,,
Golf,Atari,NTSC,2e663eaa0d6b723b645e643750b942fd,2K,,,,
Gopher,U.S. Games,NTSC,c16c79aad6272baffb8aae9a7fff0864,4K,,,,
Gorf,CBS Electronics,NTSC,81b3bf17cf01039d311b4cd738ae608e,4K,,,,
Grand Prix,Activision,NTSC,de4436eaa41e5d7b7609512632b90078,F6,,,,
Gravitar,Atari,NTSC,8ac18076d01a6b63acf6e2cab4968940,F8,,,,
Asteroid Fire,Home Vision ,PAL,18f299edb5ba709a64c80c8c9cec24f2,4K,,,,
Gremlins,Atari,NTSC,01cb3e8dfab7203a9c62ba3b94b4e59f,F8,,,,
Grover's Music Maker,Atari ,NTSC,4ac9f40ddfcf194bd8732a75b3f2f214,F8,,,,
Guardian,Apollo,NTSC,7ab2f190d4e59e8742e76a6e870b567e,4K,,,,
Gunfight 2600,MP,NTSC,f750b5d613796963acecab1690f554ae,4K,,,,
Gyruss,Parker Bros,NTSC,b311ab95e85bc0162308390728a7361d,E0,E0,,,
H.E.R.O.,Activision,NTSC,fca4a5be1251927027f2c24774a02160,F8,,,,
Halloween,Wizard Video Games,NTSC,30516cfbaa1bc3b5335ee53ad811f17a,4K,,,,
Hangman,Atari,NTSC,f16c709df0a6c52f47ff52b9d95b7d8d,4K,,,,
Harbor Escape,Panda,NTSC,b9232c1de494875efe1858fc8390616d,4K,,,,
Haunted House,Atari,NTSC,f0a6e99f5875891246c3dbecbf2d2cea,4K,,,,
Hole Hunter,Video Game Cartridge,NTSC,3d48b8b586a09bdbf49f1a016bf4d29a,4K,,,,
Holey Moley,Atari ,NTSC,c52d9bbdc5530e1ef8e8ba7be692b01e,F8,,,,
Home Run,Atari,NTSC,0bfabf1e98bdb180643f35f2165995d0,2K,,,,
Home Run,Atari,NTSC,9f901509f0474bf9760e6ebd80e629cd,2K,,,,
Homerun,Atari ,PAL,ca7aaebd861a9ef47967d31c5a6c4555,2K,,,,
Human Cannonball,Atari ,PAL,ad42e3ca3144e2159e26be123471bffc,2K,,,,
Human Cannonball,Atari,NTSC,7972e5101fa548b952d852db24ad6060,2K,,,,
Human Cannonball,Atari,NTSC,ffe51989ba6da2c6ae5a12d277862e16,2K,,,,
I Want My Mommy,ZiMAG,NTSC,f6a282374441012b01714e19699fc62a,4K,,,,
IQ 180,Unknown,NTSC,4b9581c3100a1ef05eac1535d25385aa,4K,,,,
Ice Hockey,Activision,NTSC,a4c08c4994eb9d24fb78be1793e82e26,4K,,,,
Ikari Warriors,Atari ,PAL,9813b9e4b8a6fd919c86a40c6bda8c93,F6,,,,
Imagic Selector ROM,Imagic,NTSC,c4bc8c2e130d76346ebf8eb544991b46,4K,,,,
Immies & Aggies,CCE,NTSC,9b21d8fc78cc4308990d99a4d906ec52,4K,,,,
Pac-Kong,Rainbow Vision ,PAL,d223bc6f13358642f02ddacfaf4a90c9,4K,,,,
Indy 500,Atari,NTSC,08188785e2b8300983529946dbeff4d2,2K,,,,
Infiltrate,Apollo,NTSC,afe88aae81d99e0947c0cfb687b16251,4K,,,,
International Soccer,M Network,NTSC,b4030c38a720dd84b84178b6ce1fc749,4K,,,,
INV+,,NTSC,9ea8ed9dec03082973244a080941e58a,4K,,,,
Invaders by Erik Mooney,PD,NTSC,4868a81e1b6031ed66ecd60547e6ec85,4K,,,,
IQ 180,Unknown,NTSC,4b9581c3100a1ef05eac1535d25385aa,4K,,,,
Ixion,Sega ,NTSC,2f0546c4d238551c7d64d884b618100c,F8,,,,
James Bond 007,Parker Bros,NTSC,e51030251e440cffaab1ac63438b44ae,E0,E0,,,
Jammed,XYPE ,NTSC,04dfb4acac1d0909e4c360fd2ac04480,4K,,,,
Jaw Breaker,CCE,NTSC,58a82e1da64a692fd727c25faef2ecc9,4K,,,,
Star Wars - Jedi Arena,Parker Bros,NTSC,c9f6e521a49a2d15dac56b6ddb3fb4c7,4K,,,,
Journey Escape,Data Age,NTSC,718ae62c70af4e5fd8e932fee216948a,4K,,,,
Joust,Atari,NTSC,3276c777cbe97cdd2b4a63ffc16b7151,F8,,,,
JoustPong,,NTSC,ec40d4b995a795650cf5979726da67df,4K,,,,
Jr. Pac-Man,Atari,NTSC,36c29ceee2c151b23a1ad7aa04bd529d,F6SC,,,,
Jungle Fever,PlayAround,NTSC,2cccc079c15e9af94246f867ffc7e9bf,4K,,,,
Jungle Hunt,Atari,NTSC,2bb9f4686f7e08c5fcc69ec1a1c66fe7,F8,,,,
Kaboom!,Activision,NTSC,5428cdfada281c569c74c7308c7f2c26,2K,,,,
Kaboom!,Activision,NTSC,af6ab88d3d7c7417db2b3b3c70b0da0a,2K,,,,
Kamikaze Saucers,Syncro ,NTSC,7b43c32e3d4ff5932f39afcb4c551627,4K,,,,
Kangaroo,Atari,NTSC,4326edb70ff20d0ee5ba58fa5cb09d60,F8,,,,
Karate,Ultravision,NTSC,cedbd67d1ff321c996051eec843f8716,4K,,,,
Keystone Kapers,Activision,NTSC,be929419902e21bd7830a7a7d746195d,4K,,,,
King Kong,Tigervision ,PAL,0b1056f1091cfdc5eb0e2301f47ac6c3,4K,,,,
Klax,Atari ,PAL,eed9eaf1a0b6a2b9bc4c8032cb43e3fb,F6SC,,,,
Knight on the Town,PlayAround,NTSC,7fcd1766de75c614a3ccc31b25dd5b7a,4K,,,,
Kool-Aid Man,M Network,NTSC,534e23210dd1993c828d944c6ac4d9fb,4K,,,,
Krull,Atari,NTSC,4baada22435320d185c95b7dd2bcdb24,F8,,,,
Kung-Fu Master,Activision,NTSC,5b92a93b23523ff16e2789b820e2a4c5,F8,,,,
Kung Fu,BitCorp ,PAL,6805734a0b7bcc8925d9305b071bf147,4K,,,,
labyrinth,,NTSC,925dda3c61b81eeb7bd8467b6e99dedc,AR,,,,
Lady in Wading,PlayAround,NTSC,95a89d1bf767d7cc9d0d5093d579ba61,4K,,,,
Laser Blast,Activision,NTSC,931b91a8ea2d39fe4dca1a23832b591a,2K,,,,
Laser Blast,Activision,NTSC,d5e27051512c1e7445a9bf91501bda09,2K,,,,
Laser Blast,Atari ,PAL,0d1b3abf681a2fc9a6aa31a9b0e8b445,2K,,,,
Laser Gates,Imagic,NTSC,1fa58679d4a39052bd9db059e8cda4ad,4K,,,,
Laser Gates,Imagic,NTSC,1fa58679d4a39052bd9db059e8cda4ad,4K,,,,
Laser Volley,Zellers,NTSC,48287a9323a0ae6ab15e671ac2a87598,4K,,,,
Lochjaw,Apollo,NTSC,86128001e69ab049937f265911ce7e8a,4K,,,,
Lock 'n' Chase,M Network,NTSC,71464c54da46adae9447926fdbfc1abe,4K,,,,
London Blitz,Avalon Hill,NTSC,b4e2fd27d3180f0f4eb1065afc0d7fc9,4K,,,,
Looping,Coleco ,NTSC,5babe0cad3ec99d76b0aa1d36a695d2f,F8,,,,
Lord of the Rings,Parker Bros ,NTSC,e24d7d879281ffec0641e9c3f52e505a,E0,E0,,,
Lost Luggage,Apollo,NTSC,7c00e7a205d3fda98eb20da7c9c50a55,4K,,,,
M.A.D.,U.S. Games,NTSC,393e41ca8bdd35b52bf6256a968a9b89,4K,,,,
M.A.S.H,,NTSC,835759ff95c2cdc2324d7c1e7c5fa237,4K,,,,
MagiCard,CommaVid,NTSC,cddabfd68363a76cd30bee4e8094c646,CV,,,,
Malagai,Answer Software,NTSC,ccb5fa954fb76f09caae9a8c66462190,4K,,,,
Mangia',Spectravideo,NTSC,54a1c1255ed45eb8f71414dadb1cf669,4K,,,,
Marauder,Tigervision,NTSC,13895ef15610af0d0f89d588f376b3fe,4K,,,,
Marine Wars,Konami,NTSC,b00e8217633e870bf39d948662a52aac,4K,,,,
Marineflieger,Quelle ,PAL,1b8d35d93697450ea26ebf7ff17bd4d1,4K,,,,
Mario Bros.,Atari,NTSC,e908611d99890733be31733a979c62d8,F8,,,,
Master Builder,Spectravideo,NTSC,ae4be3a36b285c1a1dff202157e2155d,4K,,,,
Masters of the Universe,M Network,NTSC,3b76242691730b2dd22ec0ceab351bc6,E7,E7,,,
Math Gran Prix,Atari,NTSC,470878b9917ea0348d64b5750af149aa,4K,,,,
Maze Craze,Atari,PAL,f825c538481f9a7a46d1e9bc06200aaf,4K,,,,
McDonald's,Parker Bros ,NTSC,35b43b54e83403bb3d71f519739a9549,4K,,,,
mc_ntsc_7_26_3,,NTSC,09a03e0c85e667695bcd6c6394e47e5f,F4,,,,
mc_pal_4_28_3,,PAL,dcd5057de94c86ff81db76cb4a146439,F4,,,,
Mega Force,,NTSC,daeb54957875c50198a7e616f9cc8144,4K,,,,
MegaMania,Activision,NTSC,318a9d6dda791268df92d72679914ac3,4K,,,,
Meltdown,,NTSC,96e798995af6ed9d8601166d4350f276,4K,,,,
War 2000,Home Vision ,PAL,6522717cfd75d1dba252cbde76992090,4K,,,,
Midnight Magic,Atari,NTSC,f1554569321dc933c87981cf5c239c43,F6,,,,
Millipede,Atari,NTSC,3c57748c8286cf9e821ecd064f21aaa9,F6SC,,,,
Mind Maze,Atari ,NTSC,0e224ea74310da4e7e2103400eb1b4bf,F8,,,,
Miner 2049er,Tigervision,NTSC,fa0570561aa80896f0ead05c46351389,3F,,,,
Mines of Minos,CommaVid,NTSC,4543b7691914dfd69c3755a5287a95e1,4K,,,,
Minesweeper,Soren Gust PD,PAL,ac5f78bae0638cf3f2a0c8d07eb4df69,4K,,,,
Miniaturer Golf,Atari ,PAL,73521c6b9fed6a243d9b7b161a0fb793,2K,,,,
Miniature Golf,Atari,NTSC,df62a658496ac98a3aa4a6ee5719c251,2K,,,,
Miniature Golf,Atari,NTSC,384db97670817103dd8c0bbdef132445,2K,,,,
Miner 2049er Volume II,Tigervision ,PAL,468f2dec984f3d4114ea84f05edf82b6,3F,,,,
Miniature Golf,Atari,NTSC,df62a658496ac98a3aa4a6ee5719c251,2K,,,,
Missile Command,Atari,NTSC,3a2e2d0c6892aa14544083dfb7762782,4K,,,,
Missile Control,Video Gems ,PAL,cb24210dc86d92df97b38cf2a51782da,4K,,,,
"Mission 3,000 A.D.",BitCorp ,PAL,6efe876168e2d45d4719b6a61355e5fe,4K,,,,
Miss Piggy's Wedding,Atari ,NTSC,4181087389a79c7f59611fb51c263137,F8,,,,
Mogul Maniac,Amiga,NTSC,7af40c1485ce9f29b1a7b069a2eb04a7,4K,,,,
Mondo Pong V2,Piero Cavina PD,NTSC,1f60e48ad98b659a05ce0c1a8e999ad9,4K,,,,
Monster Cise,Atari ,NTSC,6913c90002636c1487538d4004f7cac2,F8,,,,
Montezuma's Revenge,Parker Bros,NTSC,3347a6dd59049b15a38394aa2dafa585,E0,E0,,,
Moon Patrol,Atari,NTSC,515046e3061b7b18aa3a551c3ae12673,F8,,,,
Moonsweeper,Imagic,NTSC,203abb713c00b0884206dcc656caa48f,F8,,,,
Moto Laser,Star Game,NTSC,eb503cc64c3560cd78b7051188b7ba56,4K,,,,
Motocross,Joystik,NTSC,5641c0ff707630d2dd829b26a9f2e98f,F8,,,,
Motocross Racer,Xonox,NTSC,de0173ed6be9de6fd049803811e5f1a8,F8,,,,
Motocross,Suntek ,PAL,f5a2f6efa33a3e5541bc680e9dc31d5b,4K,,,,
MotoRodeo,Atari ,PAL,b1e2d5dc1353af6d56cd2fe7cfe75254,F6,,,,
Mouse Trap,Coleco,NTSC,5678ebaa09ca3b699516dba4671643ed,4K,,,,
Mr. Do!'s Castle,Parker Bros,NTSC,b7a7e34e304e4b7bc565ec01ba33ea27,E0,E0,,,
Mr. Do!,Coleco,NTSC,0164f26f6b38a34208cd4a2d0212afc3,F8,,,,
Mr. Postman,Unknown,NTSC,f0daaa966199ef2b49403e9a29d12c50,4K,,,,
Ms. Pac-Man,Atari,NTSC,87e79cd41ce136fd4f72cc6e2c161bee,F8,,,,
Mountain King,CBS Electronics,NTSC,7e51a58de2c0db7d33715f518893b0db,FA,,,,
Multi-Sprite Demo 2,Piero Cavina PD,NTSC,42ae81ae8ac51e5c238639f9f77d91ae,AR,,,,
"Music Machine, The",Sparrow,NTSC,65b106eba3e45f3dab72ea907f39f8b4,4K,,,,
My Golf,HES ,PAL,dfad86dd85a11c80259f3ddb6151f48f,F8,,,,
Name This Game,U.S. Games,NTSC,36306070f0c90a72461551a7a4f3a209,4K,,,,
"Challenge of.... Nexar, The",Spectravision,NTSC,5d799bfa9e1e7b6224877162accada0d,4K,,,,
Stunt Man,Panda,NTSC,ed0ab909cf7b30aff6fc28c3a4660b8e,4K,,,,
Night Driver,Atari,NTSC,f48022230bb774a7f22184b48a3385af,2K,,,,
Night Stalker,Telegames ,PAL,2783006ee6519f15cbc96adae031c9a9,4K,,,,
Stunt Man,Panda,NTSC,ed0ab909cf7b30aff6fc28c3a4660b8e,4K,,,,
No Escape!,Imagic,NTSC,b6d52a0cf53ad4216feb04147301f87d,4K,,,,
Nuts,Unknown,NTSC,de7a64108074098ba333cc0c70eef18a,4K,,,,
Obelix,Atari ,PAL,669840b0411bfbab5c05b786947d55d4,F8,,,,
Ocean City,Funvision,NTSC,4cabc895ea546022c2ecaa5129036634,4K,,,,
Name This Game,U.S. Games,NTSC,36306070f0c90a72461551a7a4f3a209,4K,,,,
Off Your Rocker,Amiga ,NTSC,b6166f15720fdf192932f1f76df5b65d,4K,,,,
Off the Wall,Atari,NTSC,98f63949e656ff309cefa672146dc1b8,F6SC,SC,,,
Oink!,Activision,NTSC,c9c25fc536de9a7cdc5b9a916c459110,4K,,,,
Okie Dokie,PD,NTSC,cca33ae30a58f39e3fc5d80f94dc0362,2K,,,,
Omega Race,CBS Electronics,NTSC,9947f1ebabb56fd075a96c6d37351efa,FA,,,,
Open Sesame,Goliath ,PAL,28d5df3ed036ed63d33a31d0d8b85c47,4K,,,,
Oscar's Trash Race,Atari,NTSC,fa1b060fd8e0bca0c2a097dcffce93d3,F8,,,,
Reversi,Atari ,PAL,6468d744be9984f2a39ca9285443a2b2,2K,,,,
Out of Control,Avalon Hill,NTSC,f97dee1aa2629911f30f225ca31789d4,4K,,,,
Star Ship,Atari,NTSC,e363e467f605537f3777ad33e74e113a,2K,,,,
Outlaw,Atari ,PAL,2e3728f3086dc3e71047ffd6b2d9f015,2K,,,,
Outlaw,Atari,NTSC,f060826626aac9e0d8cda0282f4b7fc3,2K,,,,
Oystron,Piero Cavina PD,NTSC,91f0a708eeb93c133e9672ad2c8e0429,4K,,,,
Pac Kong,Unknown,NTSC,936ef1d6f8a57b9ff575dc195ee36b80,4K,,,,
Ms. Pac-Man,Hack,NTSC,aeb104f1e7b166bc0cbaca0a968fde51,F8,,,,
Pac-Man,Atari,NTSC,6e372f076fb9586aff416144f5cfe1cb,4K,,,,
Pac-Space,Pac-Man Hack,NTSC,c569e57dca93d3bee115a49923057fd7,4K,,,,
Panda Chase,Unknown ,PAL,f8582bc6ca7046adb8e18164e8cecdbc,4K,,,,
Parachute,Home Vision ,PAL,714e13c08508ee9a7785ceac908ae831,4K,,,,
Peek-A-Boo,Atari ,NTSC,e40a818dac4dd851f3b4aafbe2f1e0c1,4K,,,,
Pele's Soccer,Atari ,PAL,7a09299f473105ae1ef3ad6f9f2cd807,4K,,,,
Pele's Soccer,Atari,NTSC,ace319dc4f76548659876741a6690d57,4K,,,,
Pele's Soccer,Atari,NTSC,ace319dc4f76548659876741a6690d57,4K,,,,
Pengo,Atari,NTSC,04014d563b094e79ac8974366f616308,F8,,,,
Pete Rose Baseball,Absolute,NTSC,09388bf390cd9a86dc0849697b96c7dc,F6,,,,
Phantom Tank,BitCorp ,PAL,6b1fc959e28bd71aed7b89014574bdc2,4K,,,,
Phantom Tank,BitCorp ,PAL,6b1fc959e28bd71aed7b89014574bdc2,4K,,,,
Pharaoh's Curse,Unknown,NTSC,62f74a2736841191135514422b20382d,4K,,,,
Philly Flasher,PlayAround,NTSC,ca54de69f7cdf4d7996e86f347129892,4K,,,,
Phoenix,Atari,NTSC,7e52a95074a66640fcfde124fffd491a,F8,,,,
Pick 'n' Pile,Salu ,PAL,da79aad11572c80a96e261e4ac6392d0,F6,,,,
Pick Up,,NTSC,1d4e0a034ad1275bc4d75165ae236105,4K,,,,
Picnic,U.S. Games,NTSC,17c0a63f9a680e7a61beba81692d9297,4K,,,,
Piece o' Cake,U.S. Games,NTSC,d3423d7600879174c038f53e5ebbf9d3,4K,,,,
Pigs in Space,Atari,NTSC,8e4fa8c6ad8d8dce0db8c991c166cdaa,F8,,,,
Pitfall II,Activision,NTSC,6d842c96d5a01967be9680080dd5be54,DPC,detected? doesn't work right,,,
Pitfall!,Activision ,NTSC,aad91be0bf78d33d29758876d999848a,4K,,,,
Pitfall!,No Walls Hack,NTSC,e42b937c30c617241ca9e01e4510c3f6,4K,,,,
Pitfall!,Activision,NTSC,3e90cf23106f2e08b2781e41299de556,4K,,,,
Pizza Chef,CCE,NTSC,82efe7984783e23a7c55266a5125c68e,4K,,,,
Planet Patrol,Spectravision,NTSC,043f165f384fbea3ea89393597951512,4K,,,,
Planet of the Apes,,NTSC,9efb4e1a15a6cdd286e4bcd7cd94b7b8,4K,,,,
Plaque Attack,Activision,NTSC,da4e3396aa2db3bd667f83a1cb9e4a36,4K,,,,
Pleiades,UA Limited ,NTSC,8bbfd951c89cc09c148bfabdefa08bec,UA,,,,
Poker Squares,B. Watson,NTSC,8c136e97c0a4af66da4a249561ed17db,4K,,,,
Polaris,Tigervision ,PAL,203049f4d8290bb4521cc4402415e737,3F,,,,
Pole Position,Atari,NTSC,5f39353f7c6925779b0169a87ff86f1e,F8,,,,
Polo,Atari ,NTSC,ee28424af389a7f3672182009472500c,2K,,,,
Pompeii,Apollo ,NTSC,a83b070b485cf1fb4d5a48da153fdf1a,4K,,,,
Pooyan,Konami,NTSC,4799a40b6e889370b7ee55c17ba65141,4K,,,,
Popeye,Parker Bros,NTSC,c7f13ef38f61ee2367ada94fdcc6d206,E0,E0,,,
Porky's,,NTSC,f93d7fee92717e161e6763a88a293ffa,F8,,,,
John K Harvey's Equalizer, PD,NTSC,30997031b668e37168d4d0e299ccc46f,4K,,,,
Pressure Cooker,Activision,NTSC,97d079315c09796ff6d95a06e4b70171,F8,,,,
Private Eye,Activision,NTSC,ef3a4f64b6494ba770862768caf04b86,F8,,,,
Maze Craze,Unknown,PAL,8108ad2679bd055afec0a35a1dca46a4,4K,,,,
Pyramid War,Rainbow Vision ,PAL,37fd7fa52d358f66984948999f1213c5,4K,,,,
Q-bert's Qubes,Parker Bros,NTSC,517592e6e0c71731019c0cebc2ce044f,E0,E0,one works one isn't detected,,
Q-bert,Atari,NTSC,484b0076816a104875e00467d431c2d2,4K,,,,
Qb,Retroactive ,NTSC,ac53b83e1b57a601eeae9d3ce1b4a458,4K,,,,
Qb,Retroactive ,PAL,9281eccd7f6ef4b3ebdcfd2204c9763a,4K,,,,
Qb,Retroactive Stella,NTSC,34e37eaffc0d34e05e40ed883f848b40,4K,,,,
Quadrun,Atari ,NTSC,392d34c0498075dd58df0ce7cd491ea2,F8,,,,
Quest for Quintana Roo,Telegames,NTSC,a0675883f9b09a3595ddd66a6f5d3498,F8,,,,
Quick Step!,Imagic,NTSC,7eba20c2291a982214cc7cbe8d0b47cd,4K,,,,
Rabbit Transit,Atari ,NTSC,2e5b184da8a27c4d362b5a81f0b4a68f,F8,8 - FA?,NO,why is it bigger than 8k?,
Racquetball,Apollo,NTSC,a20d931a8fddcd6f6116ed21ff5c4832,4K,,,,
Radar Lock,Atari,NTSC,baf4ce885aa281fd31711da9b9795485,F6SC,SC,,,
Raft Rider,U.S. Games,NTSC,92a1a605b7ad56d863a56373a866761b,4K,,,,
Raiders of the Lost Ark,Atari,NTSC,f724d3dd2471ed4cf5f191dbb724b69f,F8,,,,
Rainbow Invaders,,NTSC,cb96b0cf90ab7777a2f6f05e8ad3f694,4K,,,,
Ram It,Telesys,NTSC,7096a198531d3f16a99d518ac0d7519a,4K,,,,
Rampage!,Activision,NTSC,5e1b4629426f4992cf3b2905a696e1a7,F6,,,,
Reactor,Parker Bros,NTSC,9f8fad4badcd7be61bbd2bcaeef3c58f,4K,,,,
RealSports Baseball,Atari,NTSC,eb634650c3912132092b7aee540bbce3,F8,,,,
RealSports Boxing,Atari,NTSC,3177cc5c04c1a4080a927dfa4099482b,F6,,,,
RealSports Football,Atari,NTSC,7ad257833190bc60277c1ca475057051,F8,,,,
RealSports Soccer,Atari,NTSC,08f853e8e01e711919e734d85349220d,F8,,,,
RealSports Tennis,Atari ,PAL,c7eab66576696e11e3c11ffff92e13cc,F8,,,,
RealSports Volleyball,Atari,NTSC,aed0b7bd64cc384f85fdea33e28daf3b,4K,,,,
Rescue Bira Bira,Chris Cracknell,NTSC,8a9d874a38608964f33ec0c35cab618d,4K,,,,
Rescue Terra I,VentureVision,NTSC,60a61da9b2f43dd7e13a5093ec41a53d,4K,,,,
Resgate Espacial,CCE,NTSC,42249ec8043a9a0203dde0b5bb46d8c4,F8,,,,
Revenge of the Beefsteak Tomatoes,,NTSC,4f64d6d0694d9b7a1ed7b0cb0b83e759,4K,,,,
Revenge of the Apes,Hack,NTSC,0b01909ba84512fdaf224d3c3fd0cf8d,F8,,,,
Riddle of the Sphinx,Imagic,NTSC,a995b6cbdb1f0433abc74050808590e6,4K,,,,
River Patrol,Tigervision,NTSC,31512cdfadfd82bfb6f196e3b0fd83cd,3F,,,,
River Raid,Activision,NTSC,291cc37604bc899e8e065c30153fc4b9,F6,,,,
Persian Gulf War,Funvision,NTSC,6ce2110ac5dd89ab398d9452891752ab,4K,,,,
River Raid II,Activision,NTSC,ab56f1b2542a05bebc4fbccfc4803a38,F6,,,,
Road Runner,,NTSC,2bd00beefdb424fa39931a75e890695d,F6,,,,
Robin Hood,Xonox,NTSC,72a46e0c21f825518b7261c267ab886e,F8,,,,
Robin Hood,Xonox,NTSC,72a46e0c21f825518b7261c267ab886e,F8,,,,
Space Robot,Dimax - Sinmax ,PAL,1bef389e3dd2d4ca4f2f60d42c932509,4K,,,,
Robot Tank,Activision,NTSC,4f618c2429138e0280969193ed6c107e,FE,,,,
Roc 'n Rope,Coleco,NTSC,65bd29e8ab1b847309775b0de6b2e4fe,F8,,,,
Room of Doom,CommaVid,NTSC,67931b0d37dc99af250dd06f1c095e8d,4K,,,,
Rubik's Cube 3-D,Atari ,NTSC,40b1832177c63ebf81e6c5b61aaffd3a,4K,,,,
Rush Hour,Commavid ,NTSC,f3cd0f886201d1376f3abab2df53b1b9,4K,,,,
Saboteur,Atari ,NTSC,1ec57bbd27bdbd08b60c391c4895c1cf,F8,,,,
Secret Agent,Data Age ,NTSC,605fd59bfef88901c8c4794193a4cbad,4K,,,,
Save Our Ship,Unknown Hack,NTSC,ed1a784875538c7871d035b7a98c2433,4K,,,,
Save Mary!,Atari ,NTSC,4d502d6fb5b992ee0591569144128f99,F6SC,SC,,,
Save the Whales,,NTSC,e377c3af4f54a51b85efe37d4b7029e6,4K,,,,
SCSIcide,Joe Grand,NTSC,523f5cbb992f121e2d100f0f9965e33f,4K,,,,
SCSIcide,Joe Grand,NTSC,523f5cbb992f121e2d100f0f9965e33f,4K,,,,
scsi200_NTSC,,NTSC,137373599e9b7bf2cf162a102eb5927f,4K,,,,
Scuba Diver,Panda,NTSC,19e761e53e5ec8e9f2fceea62715ca06,4K,,,,
Sea Hawk,CCE,NTSC,3fd53bfeee39064c945a769f17815a7f,4K,,,,
Sea Hunt,Froggo,NTSC,5dccf215fdb9bbf5d4a6d0139e5e8bcb,4K,,,,
Sea Monster,BitCorp ,PAL,68489e60268a5e6e052bad9c62681635,4K,,,,
seantsc,,NTSC,dde55d9868911407fe8b3fefef396f00,4K,,,,
Seaquest,Activision,NTSC,240bfbac5163af4df5ae713985386f92,4K,,,,
Secret Quest,Atari,NTSC,fc24a94d4371c69bc58f5245ada43c44,F6SC,Sc,,,
Circus Atari,Unknown,NTSC,efffafc17b7cb01b9ca35324aa767364,4K,,,,
Sentinel,Atari,NTSC,8da51e0c4b6b46f7619425119c7d018e,F6,,,,
Shark Attack,Apollo,NTSC,54f7efa6428f14b9f610ad0ca757e26c,4K,,,,
Shooting Arcade,Atari ,NTSC,15c11ab6e4502b2010b18366133fc322,F6SC,SC,,,
Shootin' Gallery,Imagic,NTSC,b5a1a189601a785bdb2f02a424080412,4K,,,,
Shuttle Orbiter,Avalon Hill,NTSC,25b6dc012cdba63704ea9535c6987beb,4K,,,,
Sinistar,Atari ,NTSC,ea38fcfc06ad87a0aed1a3d1588744e4,F8,,,,
Sir Lancelot,Xonox,NTSC,7ead257e8b5a44cac538f5f54c7a0023,F8,,,,
Skate Boardin',Absolute,NTSC,f847fb8dba6c6d66d13724dbe5d95c4d,F8,,,,
Skeet Shoot,Apollo,NTSC,39c78d682516d79130b379fa9deb8d1c,2K,,,,
Skeet Shoot,Apollo,NTSC,5f2b4c155949f01c06507fb32369d42a,2K,,,,
Skeleton,,PAL,8e887d1ba5f3a71ae8a0ea16a4af9fc9,4K,,,,
Skeleton,,NTSC,28a4cd87fb9de4ee91693a38611cb53c,4K,,,,
Skeleton+,,NTSC,eafe8b40313a65792e88ff9f2fe2655c,4K,,,,
Skeleton+,,PAL,63c7395d412a3cd095ccdd9b5711f387,4K,,,,
Ski Hunt,Home Vision ,PAL,8654d7f0fb351960016e06646f639b02,4K,,,,
Ski Run,Ariola ,PAL,f10e3f45fb01416c87e5835ab270b53a,4K,,,,
Skiing,Activision,NTSC,b76fbadc8ffb1f83e2ca08b6fb4d6c9f,2K,,,,
Skiing,Activision,NTSC,60bbd425cb7214ddb9f9a31948e91ecb,2K,,,,
Skiing,Atari ,PAL,367411b78119299234772c08df10e134,2K,,,,
Sky Diver,Atari ,PAL,3f75a5da3e40d486b21dfc1c8517adc0,2K,,,,
Sky Diver,Atari,NTSC,46c021a3e9e2fd00919ca3dd1a6b76d8,2K,,,,
Sky Jinks,Activision,NTSC,8bd8f65377023bdb7c5fcf46ddda5d31,2K,,,,
Sky Patrol,Imagic ,NTSC,4c9307de724c36fd487af6c99ca078f2,F8,,,,
Sky Skipper,Parker Bros,NTSC,3b91c347d8e6427edbe942a7a405290d,4K,,,,
Slot Machine,Atari ,PAL,75ea128ba96ac6db8edf54b071027c4e,2K,,,,
Slot Machine,Atari,NTSC,f90b5da189f24d7e1a2117d8c8abc952,2K,,,,
Slot Racers,Atari ,PAL,d1d704a7146e95709b57b6d4cac3f788,2K,,,,
Slot Racers,Atari,NTSC,aed82052f7589df05a3f417bb4e45f0c,2K,,,,
Slot Racers,Atari,NTSC,5f708ca39627697e859d1c53f8d8d7d2,2K,,,,
Smurfs Save the Day,Coleco,NTSC,a204cd4fb1944c86e800120706512a64,F8,,,,
Smurf - Rescue in Gargamel's Castle,Coleco,NTSC,3d1e83afdb4265fa2fb84819c9cfd39c,F8,,,,
Squirrel,CCE,NTSC,68878250e106eb6c7754bc2519d780a0,4K,,,,
Sneak 'n Peek,U.S. Games,NTSC,9c6faa4ff7f2ae549bbcb14f582b70e4,4K,,,,
Snoopy and the Red Baron,Atari,NTSC,57939b326df86b74ca6404f64f89fce9,F8,,,,
Snow White and the Seven Dwarfs,Atari ,NTSC,75ee371ccfc4f43e7d9b8f24e1266b55,F8,,,,
Synthcart,Paul Slocum,NTSC,2c2aea31b01c6126c1a43e10cacbfd58,F8,,,,
International Soccer,Telegames ,PAL,ce904c0ae58d36d085cd506989116b0b,4K,,,,
Solar Fox,CBS Electronics,NTSC,947317a89af38a49c4864d6bdd6a91fb,F8,,,,
Solar Storm,Imagic,NTSC,97842fe847e8eb71263d6f92f7e122bd,4K,,,,
Solaris,Atari,NTSC,e72eb8d4410152bdcb69e7fba327b420,F6,,,,
SolarPlexus,,NTSC,b5be87b87fd38c61b1628e8e2d469cb5,4K,,,,
Sorcerer's Apprentice,Atari,NTSC,5f7ae9a7f8d79a3b37e8fc841f65643a,F8,,,,
Sorcerer,Mythicon,NTSC,d2c4f8a4a98a905a9deef3ba7380ed64,4K,,,,
Space Instigators,CT,NTSC,b2a6f31636b699aeda900f07152bab6e,F8,,,,
Space Attack,M Network,NTSC,17badbb3f54d1fc01ee68726882f26a6,4K,,,,
Space Canyon,Panda,NTSC,559317712f989f097ea464517f1a8318,4K,,,,
Space Cavern,Apollo,NTSC,df6a28a89600affe36d94394ef597214,4K,,,,
Space Invaders,Atari,NTSC,e10bf1af6bf3b4a253c5bef6577fe923,4K,,,,
Space Invaders,Atari,NTSC,72ffbef6504b75e69ee1045af9075f66,4K,,,,
UFO,Atari ,PAL,6bb09bc915a7411fe160d0b2e4d66047,2K,,,,
Space Jockey,U.S. Games,NTSC,d1a9478b99d6a55e13a9fd4262da7cd4,2K,,,,
Space Jockey,U.S. Games,NTSC,6f2aaffaaf53d23a28bf6677b86ac0e3,2K,,,,
Space Raid,Rainbow Vision ,PAL,1a624e236526c4c8f31175e9c89b2a22,4K,,,,
Space Robot,Dimax - Sinmax,NTSC,3dfb7c1803f937fadc652a3e95ff7dc6,4K,,,,
Space Shuttle,Activision,NTSC,5894c9c0c1e7e29f3ab86c6d3f673361,F8,,,,
Space Tunnel,BitCorp ,PAL,8917f7c1ac5eb05b82331cf01c495af2,4K,,,,
Space Tunnel,BitCorp,NTSC,df2745d585238780101df812d00b49f4,4K,,,,
Space War,Atari ,PAL,b702641d698c60bcdc922dbd8c9dd49c,2K,,,,
Space War,Atari,NTSC,7e9da5cb84d5bc869854938fe3e85ffa,2K,,,,
Space War,Atari,NTSC,a7ef44ccb5b9000caf02df3e6da71a92,2K,,,,
AKA Space Adventure,,NTSC,8786c1e56ef221d946c64f6b65b697e9,4K,,,,
Spacechase,Apollo,NTSC,ec5c861b487a5075876ab01155e74c6c,4K,,,,
SpaceMaster X-7,,NTSC,45040679d72b101189c298a864a5b5ba,4K,,,,
Spider Fighter,Activision,NTSC,ba3a17efd26db8b4f09c0cf7afdf84d1,F6,,,,
Spider Fighter,Activision,NTSC,24d018c4a6de7e5bd19a36f2b879b335,4K,,,,
Spider-Man,Parker Bros,NTSC,199eb0b8dce1408f3f7d46411b715ca9,4K,,,,
Spiderdroid,Froggo,NTSC,8454ed9787c9d8211748ccddb673e920,4K,,,,
Spider Maze,K-Tel Vision,NTSC,21299c8c3ac1d54f8289d88702a738fd,4K,,,,
Spike's Peak,Xonox,NTSC,a4e885726af9d97b12bb5a36792eab63,F8,,,,
Spitfire Attack,Milton Bradley,NTSC,cef2287d5fd80216b2200fb2ef1adfa8,4K,,,,
Springer,Tigervision,NTSC,4cd796b5911ed3f1062e805a3df33d98,3F,,,,
Sprint Master,Atari,NTSC,5a8afe5422abbfb0a342fb15afd7415f,F6SC,SC,,,
Spy Hunter,Sega,NTSC,3105967f7222cc36a5ac6e5f6e89a0b4,F8,,,,
Squeeze Box,U.S. Games,NTSC,ba257438f8a78862a9e014d831143690,4K,,,,
Squoosh,Apollo ,NTSC,22abbdcb094d014388d529352abe9b4b,4K,,,,
Sssnake,Data Age,NTSC,21a96301bb0df27fde2e7eefa49e0397,4K,,,,
Stampede,Activision,NTSC,21d7334e406c2407e69dbddd7cec3583,2K,,,,
Stampede,Activision,NTSC,e66e5af5dea661d58420088368e4ef0d,2K,,,,
Stampede,Atari ,PAL,c9196e28367e46f8a55e04c27743148f,2K,,,,
Star Fox,Mythicon,NTSC,f526d0c519f5001adb1fc7948bfbb3ce,4K,,,,
Star Raiders,Atari,NTSC,cbd981a23c592fb9ab979223bb368cd5,F8,,,,
Star Ship,Atari,NTSC,e363e467f605537f3777ad33e74e113a,2K,,,,
Star Ship,Atari,NTSC,7b938c7ddf18e8362949b62c7eaa660a,2K,,,,
Star Strike,M Network,NTSC,79e5338dbfa6b64008bb0d72a3179d3c,4K,,,,
Star Trek - Strategic Operations Simulator,Sega,NTSC,03c3f7ba4585e349dd12bfa7b34b7729,F8,,,,
Star Voyager,Imagic,NTSC,813985a940aa739cc28df19e0edd4722,4K,,,,
Star Wars - Death Star Battle,Parker Bros,NTSC,5336f86f6b982cc925532f2e80aa1e17,E0,E0,,,
Star Wars - The Empire Strikes Back,Parker Bros,NTSC,3c8e57a246742fa5d59e517134c0b4e6,4K,,,,
Star Wars - Jedi Arena,Parker Bros,NTSC,c9f6e521a49a2d15dac56b6ddb3fb4c7,4K,,,,
Star Wars - The Arcade Game,Parker Bros,NTSC,6339d28c9a7f92054e70029eb0375837,E0,E0,,,
Star Wars - The Empire Strikes Back,Parker Bros,NTSC,3c8e57a246742fa5d59e517134c0b4e6,4K,,,,
Stargate,,NTSC,57fa2d09c9e361de7bd2aa3a9575a760,F6SC,SC,,,
Stargunner,Telesys,NTSC,a3c1c70024d7aabb41381adbfb6d3b25,4K,,,,
StarMaster,Activision,NTSC,d69559f9c9dc6ef528d841bf9d91b275,4K,,,,
Communist Mutants from Space,Arcadia,NTSC,2c8835aed7f52a0da9ade5226ee5aa75,AR,,,,
Dragonstomper,Arcadia,NTSC,90ccf4f30a5ad8c801090b388ddd5613,AR,,,,
Escape from the Mindmaster,Arcadia,NTSC,81f4f0285f651399a12ff2e2f35bab77,AR,,,,
Fireball,Arcadia,NTSC,386ff28ac5e254ba1b1bac6916bcc93a,AR,,,,
"Official Frogger, The",Arcadia,NTSC,c73ae5ba5a0a3f3ac77f0a9e14770e73,AR,,,,
Killer Satellites,Arcadia,NTSC,9c27ef3bd01c611cdb80182a59463a82,AR,,,,
Party Mix,Arcadia,NTSC,012b8e6ef3b5fd5aabc94075c527709d,AR,,,,
Phaser Patrol,Arcadia,NTSC,7dcbfd2acc013e817f011309c7504daa,AR,,,,
Rabbit Transit,Arcadia,NTSC,fb4ca865abc02d66e39651bd9ade140a,AR,,,,
Suicide Mission,Arcadia,NTSC,e4c666ca0c36928b95b13d33474dbb44,AR,,,,
Survival Island,Arcadia,NTSC,045035f995272eb2deb8820111745a07,AR,,,,
Sweat! - The Decathlon Game,Arcadia ,NTSC,e51c23389e43ab328ccfb05be7d451da,AR,,,,
Sword of Saros,Arcadia,NTSC,528400fad9a77fd5ad7fc5fdc2b7d69d,AR,,,,
Star Trek - Strategic Operations Simulator,Sega,NTSC,03c3f7ba4585e349dd12bfa7b34b7729,F8,F8,,,
Star Voyager,Imagic,NTSC,813985a940aa739cc28df19e0edd4722,4K,,,,
Steeplechase,Sears,NTSC,656dc247db2871766dffd978c71da80c,2K,,,,
Steeplechase,Sears,NTSC,a174cece06b3abc0aec3516913cdf9cc,2K,,,,
Stell-A-Sketch,Bob Colbert PD,NTSC,47aef18509051bab493589cb2619170b,AR,,,,
Stellar Track,Sears,NTSC,0b8d3002d8f744a753ba434a4d39249a,4K,,,,
Stunt Man,Panda,NTSC,ed0ab909cf7b30aff6fc28c3a4660b8e,4K,,,,
Strategy X,Konami,NTSC,9333172e3c4992ecf548d3ac1f2553eb,4K,,,,
Strat-O-Gems Deluxe,J. Payson,PAL,807a8ff6216b00d52aba2dfea5d8d860,F4,,,,
Strawberry Shortcake - Musical Match-Ups,Parker Bros,NTSC,e10d2c785aadb42c06390fae0d92f282,4K,,,,
Street Racer,Atari,NTSC,6ff4156d10b357f61f09820d03c0f852,2K,,,,
Stronghold,CommaVid,NTSC,7b3cf0256e1fa0fdc538caf3d5d86337,4K,,,,
Stunt Cycle,Atari ,NTSC,c3bbc673acf2701b5275e85d9372facf,2K,,,,
Sub-Scan,Sega,NTSC,5af9cd346266a1f2515e1fbc86f5186a,4K,,,,
Submarine Commander,Sears,NTSC,f3f5f72bfdd67f3d0e45d097e11b8091,4K,,,,
Subterranea,Imagic,NTSC,93c52141d3c4e1b5574d072f1afde6cd,F8,,,,
Summer Games,Epyx,NTSC,45027dde2be5bdd0cab522b80632717d,F6,,,,
Super Baseball,Atari,NTSC,7adbcf78399b19596671edbffc3d34aa,F6,,,,
Super Box,CCE,NTSC,1c85c0fc480bbd69dc301591b6ecb422,F6,,,,
Super Breakout,Atari,NTSC,0ad9a358e361256b94f3fb4f2fa5a3b1,4K,,,,
Super Challenge Baseball,M Network,NTSC,9d37a1be4a6e898026414b8fee2fc826,4K,,,,
Super Challenge Football,M Network,NTSC,e275cbe7d4e11e62c3bfcfb38fca3d49,4K,,,,
Super Cobra,Parker Bros,NTSC,c29f8db680990cb45ef7fef6ab57a2c2,E0,E0,,,
Super-Ferrari,Unknown,NTSC,724613effaf7743cbcd695fab469c2a8,4K,,,,
Super Futebol,CCE,NTSC,2447e17a4e18e6b609de498fe4ab52ba,F8,,,,
Superman,Atari,NTSC,a9531c763077464307086ec9a1fd057d,4K,,,,
Superman,Atari,NTSC,5de8803a59c36725888346fdc6e7429d,4K,,,,
Surf's Up,Amiga ,NTSC,aec9b885d0e8b24e871925630884095c,F8,,,,
Surfer's Paradise,Video Gems ,PAL,c20f15282a1aa8724d70c117e5c9709e,4K,,,,
Surround,Atari ,PAL,a60598ad7ee9c5ccad42d5b0df1570a1,2K,,,,
Surround,Atari,NTSC,31d08cb465965f80d3541a57ec82c625,2K,,,,
Survival Run,Milton Bradley,NTSC,85e564dae5687e431955056fbda10978,4K,,,,
Star Wars - The Arcade Game,Parker Bros,NTSC,6339d28c9a7f92054e70029eb0375837,E0,,,,
SWOOPS!,TJ ,PAL,5d8f1ab95362acdf3426d572a6301bf2,4K,,,,
SWOOPS!,TJ,NTSC,278f14887d601b5e5b620f1870bc09f6,4K,,,,
SwordQuest - EarthWorld,Atari,NTSC,05ebd183ea854c0a1b56c218246fbbae,F8,,,,
SwordQuest - FireWorld,Atari,NTSC,f9d51a4e5f8b48f68770c89ffd495ed1,F8,,,,
SwordQuest - WaterWorld,Atari,NTSC,bc5389839857612cfabeb810ba7effdc,F8,,,,
T.F. Space Invaders,Hack,NTSC,294762000e853b4319f9991c1ced5dfc,4K,,,,
Tac-Scan,Sega,NTSC,d45ebf130ed9070ea8ebd56176e48a38,4K,,,,
Tanks But No Tanks,ZiMAG,NTSC,fa6fe97a10efb9e74c0b5a816e6e1958,4K,,,,
Tapeworm,Spectravision,NTSC,de3d0e37729d85afcb25a8d052a6e236,4K,,,,
Tapper,Sega,NTSC,c0d2434348de72fa6edcc6d8e40f28d7,F8,,,,
Targ,CBS Electronics ,NTSC,2d6741cda3000230f6bbdd5e31941c01,4K,,,,
Task Force,Froggo,NTSC,0c35806ff0019a270a7acae68de89d28,4K,,,,
Tax Avoiders,American Videogame,NTSC,a1ead9c181d67859aa93c44e40f1709c,F8,,,,
Taz,Atari,NTSC,4702d8d9b48a332724af198aeac9e469,F8,,,,
Teddy Apple,Home Vision ,PAL,8c2fa33048f055f38358d51eefe417db,4K,,,,
Telepathy,Atari ,NTSC,3d7aad37c55692814211c8b590a0334c,F8,,,,
Tempest,Atari ,NTSC,c830f6ae7ee58bcc2a6712fb33e92d55,F8,,,,
Tennis,Activision,NTSC,42cdd6a9e42a3639e190722b8ea3fc51,2K,,,,
Tennis,Activision,NTSC,aca09ffea77174b148b96b205109db4d,2K,,,,
Tennis,Atari ,PAL,16e04823887c547dc24bc70dff693df4,2K,,,,
Wavy Line Test 2,PD,NTSC,5c73693a89b06e5a09f1721a13176f95,4K,,,,
Test Cart,Paul Slocum,NTSC,f0631c6675033428238408885d7e4fde,4K,,,,
Tetris 2600,Colin Hughes,NTSC,b0e1ee07fbc73493eac5651a52f90f00,2K,,,,
"Texas Chainsaw Massacre, The",Wizard Video,NTSC,5eeb81292992e057b290a5cd196f155d,4K,,,,
This Planet Sucks,Greg Troutman ,NTSC,a98b649912b6ca19eaf5c2d2faf38562,4K,,,,
Threshold,Tigervision,NTSC,e63a87c231ee9a506f9599aa4ef7dfb9,4K,,,,
Thrust v1.26,PD,NTSC,7ded20e88b17c8149b4de0d55c795d37,F6,,,,
Thrust,TJ,NTSC,de7bca4e569ad9d3fd08ff1395e53d2d,F6,,,,
Thrust,TJ,NTSC,de7bca4e569ad9d3fd08ff1395e53d2d,F6,,,,
Thunderground,Sega,NTSC,cf507910d6e74568a68ac949537bccf9,4K,,,,
Time Machine,Goliath ,PAL,7576dd46c2f8d8ab159d97e3a3f2052f,4K,,,,
Time Pilot,Coleco,NTSC,4e99ebd65a967cabf350db54405d577c,F8,,,,
Time Race,Goliath ,PAL,5db9e5bf663cad6bf159bc395f6ead53,4K,,,,
X'Mission,Unknown ,PAL,332f01fd18e99c6584f61aa45ee7791e,4K,,,,
Title Match Pro Wrestling,Absolute,NTSC,12123b534bdee79ed7563b9ad74f1cbd,F8,,,,
Tom Boy,Unknown,NTSC,ece908d77ab944f7bac84322b9973549,4K,,,,
Tomarc the Barbarian,Xonox,NTSC,8bc0d2052b4f259e7a50a7c771b45241,F8,,,,
Tooth Protectors,DSD-Camelot,NTSC,fa2be8125c3c60ab83e1c0fe56922fcb,E0,E0,,,
Towering Inferno,U.S. Games,NTSC,0aa208060d7c140f20571e3341f5a3f8,4K,,,,
This Planet Sucks,Greg Troutman ,NTSC,a98b649912b6ca19eaf5c2d2faf38562,4K,,,,
Track and Field,Atari,NTSC,6ae4dc6d7351dacd1012749ca82f9a56,F6,,,,
Racing Car,Unknown,NTSC,4df9d7352a56a458abb7961bf10aba4e,4K,,,,
Treasure Below,Thomas Jentzsch,NTSC,81414174f1816d5c1e583af427ac89fc,4K,,,,
Space Treat,,NTSC,6c9a32ad83bcfde3774536e52be1cce7,4K,,,,
treat_ntsc,,NTSC,9e135f5dce61e3435314f5cddb33752f,4K,,,,
Trick Shot,Imagic,NTSC,24df052902aa9de21c2b2525eb84a255,4K,,,,
TRON - Deadly Discs,M Network,NTSC,fb27afe896e7c928089307b32e5642ee,4K,,,,
Vogel Flieh,Quelle ,NTSC,e17699a54c90f3a56ae4820f779f72c4,4K,,,,
Tunnel Runner,CBS Electronics,NTSC,b2737034f974535f5c0c6431ab8caf73,FA,,,,
Turmoil,,NTSC,7a5463545dfb2dcfdafa6074b2f2c15e,4K,,,,
Tutankham,Parker Bros,NTSC,085322bae40d904f53bdcc56df0593fc,E0,E0,,,
Time Warp,Unknown,NTSC,619de46281eb2e0adbb98255732483b4,4K,,,,
Universal Chaos,Telegames,NTSC,81a010abdba1a640f7adf7f84e13d307,4K,,,,
Unknown 20th Century Fox Game,,NTSC,5f950a2d1eb331a1276819520705df94,F8,,,,
Unknown Activision Game #1,Activision ,NTSC,ee681f566aad6c07c61bbbfc66d74a27,4K,,,,
Unknown Activision Game #2,Activision ,NTSC,700a786471c8a91ec09e2f8e47f14a04,4K,,,,
Up 'n Down,Sega,NTSC,a499d720e7ee35c62424de882a3351b6,F8,,,,
Vanguard,Atari,NTSC,c6556e082aac04260596b4045bc122de,F8,,,,
Vault Assault,Prescott,NTSC,787ebc2609a31eb5c57c4a18837d1aee,4K,,,,
Venetian Blinds Demo,Activision,NTSC,d08fccfbebaa531c4a4fa7359393a0a9,2K,,,,
Venture,Coleco,NTSC,3e899eba0ca8cd2972da1ae5479b4f0d,4K,,,,
Mission Survive,Video Gems ,PAL,cf9069f92a43f719974ee712c50cd932,4K,,,,
Video Checkers,Atari,NTSC,539d26b6e9df0da8e7465f0f5ad863b7,4K,,,,
Video Chess,Atari,NTSC,f0b7db930ca0e548c41a97160b9f6275,4K,,,,
Video Cube,CCE,NTSC,ed1492d4cafd7ebf064f0c933249f5b0,4K,,,,
Video Jogger,Exus,NTSC,4191b671bcd8237fc8e297b4947f2990,4K,,,,
Video Olympics,Atari,NTSC,60e0ea3cbe0913d39803477945e9e5ec,2K,,,,
Video Olympics,Atari,NTSC,c00b65d1bae0aef6a1b5652c9c2156a1,2K,,,,
Video Pinball,Atari,NTSC,107cc025334211e6d29da0b6be46aec7,4K,,,,
Video Reflex,Exus,NTSC,ee659ae50e9df886ac4f8d7ad10d046a,4K,,,,
Video Time Machine,Chris Cracknell,NTSC,93acd5020ae8eb5673601e2edecbc158,4K,,,,
Video Pinball,Atari,NTSC,107cc025334211e6d29da0b6be46aec7,4K,,,,
Vulture Attack,K-Tel Vision,NTSC,1f21666b8f78b65051b7a609f1d48608,4K,,,,
Wabbit,Apollo,NTSC,6041f400b45511aa3a69fab4b8fc8f41,4K,,,,
Walker,Suntek ,NTSC,d175258b2973b917a05b46df4e1cf15d,4K,,,,
Wall Ball,Avalon Hill,NTSC,d3456b4cf1bd1a7b8fb907af1a80ee15,4K,,,,
Wall Break,Unknown,NTSC,c16fbfdbfdf5590cc8179e4b0f5f5aeb,4K,,,,
Warlords,Atari,NTSC,cbe5a166550a8129a5e6d374901dffad,4K,,,,
Warplock,Data Age,NTSC,679e910b27406c6a2072f9569ae35fc8,4K,,,,
Warring Worms,Baroque Gaming,NTSC,7e7c4c59d55494e66eef5e04ec1c6157,4K,,,,
Weltraumtunnel,Quelle ,PAL,bce4c291d0007f16997faa5c4db0a6b8,4K,,,,
Wing War,Imagic ,PAL,9d2938eb2b17bb73e9a79bbc06053506,F8,,,,
Wings,CBS Electronics ,NTSC,8e48ea6ea53709b98e6f4bd8aa018908,FA,,,,
Winter Games,Epyx,NTSC,83fafd7bd12e3335166c6314b3bde528,F6,,,,
Wizard of Wor,CBS Electronics,NTSC,7e8aa18bc9502eb57daaf5e7c1e94da7,4K,,,,
Wizard,Atari ,NTSC,7b24bfe1b61864e758ada1fe9adaa098,2K,,,,
Word Zapper,U.S. Games,NTSC,ec3beb6d8b5689e867bafb5d5f507491,4K,,,,
Words-Attack,Sancho ,PAL,2facd460a6828e0e476d3ac4b8c5f4f7,4K,,,,
World End,Home Vision ,PAL,130c5742cd6cbe4877704d733d5b08ca,4K,,,,
Worm War I,,NTSC,87f020daa98d0132e98e43db7d8fea7e,4K,,,,
X-Doom V.26,PD,NTSC,0d35618b6d76ddd46d2626e9e3e40db5,4K,,,,
X-Man,Universal,NTSC,5961d259115e99c30b64fe7058256bcf,4K,,,,
Xenophobe,Atari,NTSC,eaf744185d5e8def899950ba7c6e7bb5,F6,,,,
Xevious,Atari ,NTSC,c6688781f4ab844852f4e3352772289b,F8,,,,
Yahtzee,Hozer Video Games,NTSC,d090836f0a4ea8db9ac7abb7d6adf61e,4K,,,,
Yars' Revenge,Atari,NTSC,c5930d0e8cdae3e037349bfa08e871be,4K,,,,
Base Attack,Unknown Hack,NTSC,c469151655e333793472777052013f4f,4K,,,,
Zaxxon,Coleco,NTSC,eea0da9b987d661264cce69a7c13c3bd,F8,,,,
Pumuckl I,ITT Family Games ,PAL,fb833ed50c865a9a505a125fc9d79a7e,4K,,,,